<annotation>
	<folder>data_yang</folder>
	<filename>image11-00412.jpg</filename>
	<path>/Users/caesaryang/Developer/bachelor_graduate/data_yang/image11-00412.jpg</path>
	<source>
		<database>Unknown</database>
	</source>
	<size>
		<width>2866</width>
		<height>1394</height>
		<depth>3</depth>
	</size>
	<segmented>0</segmented>
	<object>
		<name>1</name>
		<pose>Unspecified</pose>
		<truncated>0</truncated>
		<difficult>0</difficult>
		<bndbox>
			<xmin>41</xmin>
			<ymin>269</ymin>
			<xmax>126</xmax>
			<ymax>392</ymax>
		</bndbox>
	</object>
	<object>
		<name>1</name>
		<pose>Unspecified</pose>
		<truncated>0</truncated>
		<difficult>0</difficult>
		<bndbox>
			<xmin>467</xmin>
			<ymin>300</ymin>
			<xmax>572</xmax>
			<ymax>436</ymax>
		</bndbox>
	</object>
	<object>
		<name>1</name>
		<pose>Unspecified</pose>
		<truncated>0</truncated>
		<difficult>0</difficult>
		<bndbox>
			<xmin>603</xmin>
			<ymin>257</ymin>
			<xmax>698</xmax>
			<ymax>372</ymax>
		</bndbox>
	</object>
	<object>
		<name>1</name>
		<pose>Unspecified</pose>
		<truncated>0</truncated>
		<difficult>0</difficult>
		<bndbox>
			<xmin>2310</xmin>
			<ymin>969</ymin>
			<xmax>2549</xmax>
			<ymax>1228</ymax>
		</bndbox>
	</object>
	<object>
		<name>1</name>
		<pose>Unspecified</pose>
		<truncated>0</truncated>
		<difficult>0</difficult>
		<bndbox>
			<xmin>2095</xmin>
			<ymin>528</ymin>
			<xmax>2236</xmax>
			<ymax>685</ymax>
		</bndbox>
	</object>
	<object>
		<name>1</name>
		<pose>Unspecified</pose>
		<truncated>1</truncated>
		<difficult>0</difficult>
		<bndbox>
			<xmin>2803</xmin>
			<ymin>518</ymin>
			<xmax>2866</xmax>
			<ymax>700</ymax>
		</bndbox>
	</object>
</annotation>
