<annotation>
	<folder>data_yang</folder>
	<filename>image11-00524.jpg</filename>
	<path>/Users/caesaryang/Developer/bachelor_graduate/data_yang/image11-00524.jpg</path>
	<source>
		<database>Unknown</database>
	</source>
	<size>
		<width>2866</width>
		<height>1394</height>
		<depth>3</depth>
	</size>
	<segmented>0</segmented>
	<object>
		<name>1</name>
		<pose>Unspecified</pose>
		<truncated>1</truncated>
		<difficult>0</difficult>
		<bndbox>
			<xmin>1</xmin>
			<ymin>274</ymin>
			<xmax>49</xmax>
			<ymax>403</ymax>
		</bndbox>
	</object>
	<object>
		<name>1</name>
		<pose>Unspecified</pose>
		<truncated>0</truncated>
		<difficult>0</difficult>
		<bndbox>
			<xmin>139</xmin>
			<ymin>177</ymin>
			<xmax>218</xmax>
			<ymax>290</ymax>
		</bndbox>
	</object>
	<object>
		<name>1</name>
		<pose>Unspecified</pose>
		<truncated>0</truncated>
		<difficult>0</difficult>
		<bndbox>
			<xmin>416</xmin>
			<ymin>54</ymin>
			<xmax>482</xmax>
			<ymax>146</ymax>
		</bndbox>
	</object>
	<object>
		<name>1</name>
		<pose>Unspecified</pose>
		<truncated>0</truncated>
		<difficult>0</difficult>
		<bndbox>
			<xmin>554</xmin>
			<ymin>26</ymin>
			<xmax>613</xmax>
			<ymax>100</ymax>
		</bndbox>
	</object>
	<object>
		<name>1</name>
		<pose>Unspecified</pose>
		<truncated>0</truncated>
		<difficult>0</difficult>
		<bndbox>
			<xmin>803</xmin>
			<ymin>13</ymin>
			<xmax>867</xmax>
			<ymax>82</ymax>
		</bndbox>
	</object>
</annotation>
