<annotation>
	<folder>data_yang</folder>
	<filename>image11-00263.jpg</filename>
	<path>/Users/caesaryang/Developer/bachelor_graduate/data_yang/image11-00263.jpg</path>
	<source>
		<database>Unknown</database>
	</source>
	<size>
		<width>2866</width>
		<height>1394</height>
		<depth>3</depth>
	</size>
	<segmented>0</segmented>
	<object>
		<name>1</name>
		<pose>Unspecified</pose>
		<truncated>1</truncated>
		<difficult>0</difficult>
		<bndbox>
			<xmin>1</xmin>
			<ymin>400</ymin>
			<xmax>69</xmax>
			<ymax>500</ymax>
		</bndbox>
	</object>
	<object>
		<name>1</name>
		<pose>Unspecified</pose>
		<truncated>0</truncated>
		<difficult>0</difficult>
		<bndbox>
			<xmin>498</xmin>
			<ymin>344</ymin>
			<xmax>562</xmax>
			<ymax>454</ymax>
		</bndbox>
	</object>
	<object>
		<name>1</name>
		<pose>Unspecified</pose>
		<truncated>0</truncated>
		<difficult>0</difficult>
		<bndbox>
			<xmin>562</xmin>
			<ymin>336</ymin>
			<xmax>636</xmax>
			<ymax>444</ymax>
		</bndbox>
	</object>
	<object>
		<name>1</name>
		<pose>Unspecified</pose>
		<truncated>0</truncated>
		<difficult>0</difficult>
		<bndbox>
			<xmin>603</xmin>
			<ymin>431</ymin>
			<xmax>685</xmax>
			<ymax>539</ymax>
		</bndbox>
	</object>
	<object>
		<name>1</name>
		<pose>Unspecified</pose>
		<truncated>0</truncated>
		<difficult>0</difficult>
		<bndbox>
			<xmin>2077</xmin>
			<ymin>441</ymin>
			<xmax>2157</xmax>
			<ymax>554</ymax>
		</bndbox>
	</object>
</annotation>
