<annotation>
	<folder>data_yang</folder>
	<filename>image10-00030.jpg</filename>
	<path>/Users/caesaryang/Developer/bachelor_graduate/data_yang/image10-00030.jpg</path>
	<source>
		<database>Unknown</database>
	</source>
	<size>
		<width>2866</width>
		<height>1394</height>
		<depth>3</depth>
	</size>
	<segmented>0</segmented>
	<object>
		<name>1</name>
		<pose>Unspecified</pose>
		<truncated>0</truncated>
		<difficult>0</difficult>
		<bndbox>
			<xmin>369</xmin>
			<ymin>298</ymin>
			<xmax>436</xmax>
			<ymax>398</ymax>
		</bndbox>
	</object>
	<object>
		<name>1</name>
		<pose>Unspecified</pose>
		<truncated>0</truncated>
		<difficult>0</difficult>
		<bndbox>
			<xmin>464</xmin>
			<ymin>477</ymin>
			<xmax>554</xmax>
			<ymax>551</ymax>
		</bndbox>
	</object>
	<object>
		<name>1</name>
		<pose>Unspecified</pose>
		<truncated>0</truncated>
		<difficult>0</difficult>
		<bndbox>
			<xmin>916</xmin>
			<ymin>274</ymin>
			<xmax>990</xmax>
			<ymax>380</ymax>
		</bndbox>
	</object>
	<object>
		<name>1</name>
		<pose>Unspecified</pose>
		<truncated>0</truncated>
		<difficult>0</difficult>
		<bndbox>
			<xmin>954</xmin>
			<ymin>377</ymin>
			<xmax>1072</xmax>
			<ymax>510</ymax>
		</bndbox>
	</object>
	<object>
		<name>1</name>
		<pose>Unspecified</pose>
		<truncated>0</truncated>
		<difficult>0</difficult>
		<bndbox>
			<xmin>1098</xmin>
			<ymin>359</ymin>
			<xmax>1172</xmax>
			<ymax>467</ymax>
		</bndbox>
	</object>
	<object>
		<name>1</name>
		<pose>Unspecified</pose>
		<truncated>0</truncated>
		<difficult>0</difficult>
		<bndbox>
			<xmin>1105</xmin>
			<ymin>290</ymin>
			<xmax>1180</xmax>
			<ymax>372</ymax>
		</bndbox>
	</object>
</annotation>
