<annotation>
	<folder>data_yang</folder>
	<filename>image10-00057.jpg</filename>
	<path>/Users/caesaryang/Developer/bachelor_graduate/data_yang/image10-00057.jpg</path>
	<source>
		<database>Unknown</database>
	</source>
	<size>
		<width>2866</width>
		<height>1394</height>
		<depth>3</depth>
	</size>
	<segmented>0</segmented>
	<object>
		<name>1</name>
		<pose>Unspecified</pose>
		<truncated>0</truncated>
		<difficult>0</difficult>
		<bndbox>
			<xmin>444</xmin>
			<ymin>492</ymin>
			<xmax>559</xmax>
			<ymax>641</ymax>
		</bndbox>
	</object>
	<object>
		<name>1</name>
		<pose>Unspecified</pose>
		<truncated>0</truncated>
		<difficult>0</difficult>
		<bndbox>
			<xmin>351</xmin>
			<ymin>626</ymin>
			<xmax>475</xmax>
			<ymax>787</ymax>
		</bndbox>
	</object>
	<object>
		<name>1</name>
		<pose>Unspecified</pose>
		<truncated>0</truncated>
		<difficult>0</difficult>
		<bndbox>
			<xmin>1787</xmin>
			<ymin>315</ymin>
			<xmax>1846</xmax>
			<ymax>403</ymax>
		</bndbox>
	</object>
	<object>
		<name>1</name>
		<pose>Unspecified</pose>
		<truncated>0</truncated>
		<difficult>0</difficult>
		<bndbox>
			<xmin>1787</xmin>
			<ymin>367</ymin>
			<xmax>1872</xmax>
			<ymax>495</ymax>
		</bndbox>
	</object>
	<object>
		<name>1</name>
		<pose>Unspecified</pose>
		<truncated>0</truncated>
		<difficult>0</difficult>
		<bndbox>
			<xmin>2375</xmin>
			<ymin>392</ymin>
			<xmax>2444</xmax>
			<ymax>487</ymax>
		</bndbox>
	</object>
</annotation>
