<annotation>
	<folder>data_yang</folder>
	<filename>image6-00159.jpg</filename>
	<path>/Users/caesaryang/Developer/bachelor_graduate/data_yang/image6-00159.jpg</path>
	<source>
		<database>Unknown</database>
	</source>
	<size>
		<width>2866</width>
		<height>1394</height>
		<depth>3</depth>
	</size>
	<segmented>0</segmented>
	<object>
		<name>1</name>
		<pose>Unspecified</pose>
		<truncated>0</truncated>
		<difficult>0</difficult>
		<bndbox>
			<xmin>285</xmin>
			<ymin>357</ymin>
			<xmax>405</xmax>
			<ymax>426</ymax>
		</bndbox>
	</object>
	<object>
		<name>1</name>
		<pose>Unspecified</pose>
		<truncated>0</truncated>
		<difficult>0</difficult>
		<bndbox>
			<xmin>851</xmin>
			<ymin>262</ymin>
			<xmax>949</xmax>
			<ymax>326</ymax>
		</bndbox>
	</object>
	<object>
		<name>1</name>
		<pose>Unspecified</pose>
		<truncated>0</truncated>
		<difficult>0</difficult>
		<bndbox>
			<xmin>1800</xmin>
			<ymin>315</ymin>
			<xmax>1880</xmax>
			<ymax>415</ymax>
		</bndbox>
	</object>
</annotation>
