<annotation>
	<folder>data_yang</folder>
	<filename>image11-00282.jpg</filename>
	<path>/Users/caesaryang/Developer/bachelor_graduate/data_yang/image11-00282.jpg</path>
	<source>
		<database>Unknown</database>
	</source>
	<size>
		<width>2866</width>
		<height>1394</height>
		<depth>3</depth>
	</size>
	<segmented>0</segmented>
	<object>
		<name>1</name>
		<pose>Unspecified</pose>
		<truncated>0</truncated>
		<difficult>0</difficult>
		<bndbox>
			<xmin>49</xmin>
			<ymin>372</ymin>
			<xmax>116</xmax>
			<ymax>472</ymax>
		</bndbox>
	</object>
	<object>
		<name>1</name>
		<pose>Unspecified</pose>
		<truncated>0</truncated>
		<difficult>0</difficult>
		<bndbox>
			<xmin>359</xmin>
			<ymin>500</ymin>
			<xmax>449</xmax>
			<ymax>651</ymax>
		</bndbox>
	</object>
	<object>
		<name>1</name>
		<pose>Unspecified</pose>
		<truncated>0</truncated>
		<difficult>0</difficult>
		<bndbox>
			<xmin>441</xmin>
			<ymin>562</ymin>
			<xmax>564</xmax>
			<ymax>687</ymax>
		</bndbox>
	</object>
	<object>
		<name>1</name>
		<pose>Unspecified</pose>
		<truncated>0</truncated>
		<difficult>0</difficult>
		<bndbox>
			<xmin>334</xmin>
			<ymin>367</ymin>
			<xmax>421</xmax>
			<ymax>477</ymax>
		</bndbox>
	</object>
	<object>
		<name>1</name>
		<pose>Unspecified</pose>
		<truncated>0</truncated>
		<difficult>0</difficult>
		<bndbox>
			<xmin>280</xmin>
			<ymin>339</ymin>
			<xmax>357</xmax>
			<ymax>444</ymax>
		</bndbox>
	</object>
	<object>
		<name>1</name>
		<pose>Unspecified</pose>
		<truncated>0</truncated>
		<difficult>0</difficult>
		<bndbox>
			<xmin>310</xmin>
			<ymin>310</ymin>
			<xmax>390</xmax>
			<ymax>374</ymax>
		</bndbox>
	</object>
	<object>
		<name>1</name>
		<pose>Unspecified</pose>
		<truncated>0</truncated>
		<difficult>0</difficult>
		<bndbox>
			<xmin>557</xmin>
			<ymin>387</ymin>
			<xmax>641</xmax>
			<ymax>500</ymax>
		</bndbox>
	</object>
	<object>
		<name>1</name>
		<pose>Unspecified</pose>
		<truncated>0</truncated>
		<difficult>0</difficult>
		<bndbox>
			<xmin>1744</xmin>
			<ymin>369</ymin>
			<xmax>1821</xmax>
			<ymax>474</ymax>
		</bndbox>
	</object>
	<object>
		<name>1</name>
		<pose>Unspecified</pose>
		<truncated>0</truncated>
		<difficult>0</difficult>
		<bndbox>
			<xmin>2346</xmin>
			<ymin>523</ymin>
			<xmax>2436</xmax>
			<ymax>646</ymax>
		</bndbox>
	</object>
</annotation>
